"country","slope","r_squared","predicted_2028"
"NGA",1.67013878698143,0.62362411623209,31.0572405198386
"GHA",1.21613767874094,0.163688988123946,26.8384808481974
"KEN",-0.127175645650948,0.095324985319671,5.00239232572778
"ZAF",-0.066271710495679,0.0304253052582022,4.32922785003461
"EGY",0.768429049390759,0.0660750431711027,22.2954772594092
"ETH",1.68800805276195,0.39575755188356,31.8766809373465
"ZWE",37.6668040102355,0.224391232431761,485.746672347173
"SEN",0.356760929384006,0.170462463747436,5.32090782530031
